{
  "cv_auc_mean": 0.9981088103757509,
  "cv_auc_std": 0.0017962079385171396,
  "test_accuracy": 0.9880341880341881,
  "test_precision": 0.9886363636363636,
  "test_recall": 0.9914529914529915,
  "test_f1": 0.9900426742532006,
  "test_auc": 0.9992694864489737,
  "train_samples": 2339,
  "test_samples": 585,
  "positive_rate": 0.5998632010943913,
  "trained_at": "2026-01-25T15:26:26.806042"
}