{
  "cv_auc_mean": 0.7992202893715279,
  "cv_auc_std": 0.08714905342319114,
  "test_accuracy": 0.5766283524904214,
  "test_precision": 0.7315068493150685,
  "test_recall": 0.6846153846153846,
  "test_f1": 0.7072847682119205,
  "test_auc": 0.38945221445221445,
  "train_samples": 2154,
  "test_samples": 522,
  "train_tickers": 32,
  "test_tickers": 9,
  "positive_rate_train": 0.5408542246982359,
  "positive_rate_test": 0.7471264367816092,
  "baselines": {
    "market_price": 0.6724137931034483,
    "moneyness": 0.2471264367816092,
    "black_scholes": 0.2471264367816092,
    "majority_class": 0.7471264367816092
  },
  "best_baseline": 0.7471264367816092,
  "edge_over_baseline_pp": -17.049808429118773,
  "split_method": "walk_forward_by_ticker",
  "trained_at": "2026-01-25T17:02:30.837400"
}